Workbook
Name XData: 経路!$H$2:INDEX(経路!$H:$H,経路!$G$11)
Name YData: 経路!$I$2:INDEX(経路!$I:$I,経路!$G$11)

Sheet ログ
A1: start
A2: 13 | B2: 5 | C2: 5 | D2: 3 | E2: 9 | F2: 1 | G2: 1 | H2: 1 | I2: 1 | J2: 1 | K2: 1 | L2: 1 | M2: 1 | N2: 1 | O2: 1 | P2: 3
A3: 11 | B3: 9 | C3: 5 | D3: 2 | E3: 8 | F3: 0 | G3: 0 | H3: 0 | I3: 0 | J3: 0 | K3: 0 | L3: 0 | M3: 0 | N3: 0 | O3: 0 | P3: 2
A4: 10 | B4: 10 | C4: 11 | D4: 12 | E4: 0 | F4: 0 | G4: 0 | H4: 0 | I4: 0 | J4: 0 | K4: 0 | L4: 0 | M4: 0 | N4: 0 | O4: 0 | P4: 2
A5: 10 | B5: 12 | C5: 4 | D5: 3 | E5: 8 | F5: 0 | G5: 0 | H5: 0 | I5: 0 | J5: 0 | K5: 0 | L5: 0 | M5: 0 | N5: 0 | O5: 0 | P5: 2
A6: 8 | B6: 3 | C6: 9 | D6: 2 | E6: 8 | F6: 0 | G6: 0 | H6: 0 | I6: 0 | J6: 0 | K6: 0 | L6: 0 | M6: 0 | N6: 0 | O6: 0 | P6: 2
A7: 10 | B7: 14 | C7: 14 | D7: 10 | E7: 8 | F7: 0 | G7: 0 | H7: 0 | I7: 0 | J7: 0 | K7: 0 | L7: 0 | M7: 0 | N7: 0 | O7: 0 | P7: 2
A8: 10 | B8: 11 | C8: 11 | D8: 10 | E8: 8 | F8: 0 | G8: 0 | H8: 0 | I8: 0 | J8: 0 | K8: 0 | L8: 0 | M8: 0 | N8: 0 | O8: 0 | P8: 2
A9: 12 | B9: 4 | C9: 4 | D9: 6 | E9: 8 | F9: 0 | G9: 0 | H9: 0 | I9: 0 | J9: 0 | K9: 0 | L9: 0 | M9: 0 | N9: 0 | O9: 0 | P9: 2
A10: 9 | B10: 1 | C10: 1 | D10: 1 | E10: 0 | F10: 0 | G10: 0 | H10: 0 | I10: 0 | J10: 0 | K10: 0 | L10: 0 | M10: 0 | N10: 0 | O10: 0 | P10: 2
A11: 8 | B11: 0 | C11: 0 | D11: 0 | E11: 0 | F11: 0 | G11: 0 | H11: 0 | I11: 0 | J11: 0 | K11: 0 | L11: 0 | M11: 0 | N11: 0 | O11: 0 | P11: 2
A12: 8 | B12: 0 | C12: 0 | D12: 0 | E12: 0 | F12: 0 | G12: 0 | H12: 0 | I12: 0 | J12: 0 | K12: 0 | L12: 0 | M12: 0 | N12: 0 | O12: 0 | P12: 2
A13: 8 | B13: 0 | C13: 0 | D13: 0 | E13: 0 | F13: 0 | G13: 0 | H13: 0 | I13: 0 | J13: 0 | K13: 0 | L13: 0 | M13: 0 | N13: 0 | O13: 0 | P13: 2
... A17: 12 | B17: 4 | C17: 4 | D17: 4 | E17: 4 | F17: 4 | G17: 4 | H17: 4 | I17: 4 | J17: 4 | K17: 4 | L17: 4 | M17: 4 | N17: 4 | O17: 4 | P17: 6
A19: +----+----+----+----+----+----+----+----+----+----+----+----+----+----+----+----+
A20: | 55 54 53 48| : : : : : : : : : : : |
A21: +----+----+----+ +....+....+....+....+....+....+....+....+....+....+....+....+
A22: | 4| 37 42 43| : : : : : : : : : : : |
A23: + + +----+ +....+....+....+....+....+....+....+....+....+....+....+....+
A24: | 5| 36| 35| 48: : : : : : : : : : : : |
A25: + + + +----+....+....+....+....+....+....+....+....+....+....+....+....+
A26: | 6| 31 30 25| : : : : : : : : : : : |
A27: + +----+----+ +....+....+....+....+....+....+....+....+....+....+....+....+
A28: | 7 12| 29 24| : : : : : : : : : : : |
A29: + +....+ + +....+....+....+....+....+....+....+....+....+....+....+....+
A30: | 8| | 34| 23| : : : : : : : : : : : |
... A225: +----+----+----+----+----+----+----+----+----+----+----+----+----+----+----+----+
A227: status | B227: X | C227: Y | D227: A | E227: S5 | F227: S4 | G227: S3 | H227: S2 | I227: S1 | J227: S0 | K227: S6 | L227: PWM_L PWM_R | M227: ENC_L ENC_C ENC_R | N227: G_sum | O227: G_sum_global
A229: 98 : 3 4 1 | B229: -416.66667 | C229: 52 | D229: 628 | E229: 864 | F229: 0 | G229: 192 | H229: 128 | I229: 316 | J229: -416.66667 | K229: 0 | L229: 64 | M229: -416.66667 | N229: 128 | O229: -64 | P229: -256 | Q229: -416.66667 | R229: 0 | S229: 0
A230: 71 : 0 8 33 | B230: -416.66667 | C230: 64 | D230: 240 | E230: 304 | F230: 260 | G230: 768 | H230: 640 | I230: 40 | J230: -416.66667 | K230: 0 | L230: 0 | M230: -416.66667 | N230: 0 | O230: 8 | P230: 16 | Q230: -416.66667 | R230: 0 | S230: 4
A231: 96 : 0 0 65 | B231: -416.66667 | C231: 540 | D231: 112 | E231: 512 | F231: 160 | G231: 128 | H231: 144 | I231: 172 | J231: -416.66667 | K231: 4 | L231: -64 | M231: -416.66667 | N231: -232 | O231: -44 | P231: 144 | Q231: -416.66667 | R231: 64 | S231: 0
A232: 99 : 0 8 33 | B232: -416.66667 | C232: 40 | D232: 80 | E232: 816 | F232: 272 | G232: 256 | H232: 96 | I232: 60 | J232: -416.66667 | K232: 10 | L232: 2 | M232: -416.66667 | N232: 64 | O232: 34 | P232: 4 | Q232: -416.66667 | R232: -256 | S232: 64
A233: 99 : 10 8 32 | B233: -416.66667 | C233: 316 | D233: 632 | E233: 8 | F233: 384 | G233: 288 | H233: 144 | I233: 40 | J233: -416.66667 | K233: 0 | L233: 68 | M233: -416.66667 | N233: 72 | O233: 46 | P233: 20 | Q233: -416.66667 | R233: -128 | S233: 66
A234: -82 : 2 0 27 | B234: -416.66667 | C234: 712 | D234: 356 | E234: 64 | F234: 256 | G234: 272 | H234: 400 | I234: 316 | J234: -416.66667 | K234: 42 | L234: -118 | M234: -416.66667 | N234: 4 | O234: 2 | P234: 0 | Q234: -416.66667 | R234: 16 | S234: 64
A235: 0 : 9 0 49 | B235: -416.66667 | C235: 60 | D235: 376 | E235: 128 | F235: 260 | G235: 512 | H235: 916 | I235: 264 | J235: -416.66667 | K235: 10 | L235: 74 | M235: -416.66667 | N235: 8 | O235: 9 | P235: 10 | Q235: -416.66667 | R235: -256 | S235: 0
A236: -50 : 0 0 69 | B236: -416.66667 | C236: 312 | D236: 124 | E236: 772 | F236: 512 | G236: 288 | H236: 0 | I236: 40 | J236: -416.66667 | K236: 10 | L236: 8 | M236: -416.66667 | N236: 0 | O236: 2 | P236: 4 | Q236: -416.66667 | R236: 0 | S236: 64
A237: 0 : 0 0 1 | B237: -416.66667 | C237: 60 | D237: 120 | E237: 0 | F237: 0 | G237: 0 | H237: 140 | I237: 44 | J237: -416.66667 | K237: 10 | L237: 10 | M237: -416.66667 | N237: 0 | O237: 0 | P237: 0 | Q237: -416.66667 | R237: 0 | S237: 0
A238: 0 : 0 0 1 | B238: -416.66667 | C238: 60 | D238: 120 | E238: 4 | F238: 0 | G238: 0 | H238: 140 | I238: 44 | J238: -416.66667 | K238: 10 | L238: 10 | M238: -416.66667 | N238: 0 | O238: 0 | P238: 0 | Q238: -416.66667 | R238: 0 | S238: 0
A239: 0 : 0 0 1 | B239: -416.66667 | C239: 60 | D239: 120 | E239: 4 | F239: 0 | G239: 0 | H239: 140 | I239: 48 | J239: -416.66667 | K239: 10 | L239: 10 | M239: -416.66667 | N239: 4 | O239: 4 | P239: 4 | Q239: -416.66667 | R239: 0 | S239: 0
A240: 0 : 0 0 1 | B240: -416.66667 | C240: 64 | D240: 120 | E240: 0 | F240: 0 | G240: 0 | H240: 140 | I240: 48 | J240: -416.66667 | K240: 10 | L240: 10 | M240: -416.66667 | N240: 6 | O240: 6 | P240: 6 | Q240: -416.66667 | R240: 0 | S240: 0
... A503: 3 : 0 0 1 | B503: -416.66667 | C503: 188 | D503: 0 | E503: 112 | F503: 120 | G503: 152 | H503: 16 | I503: 284 | J503: -416.66667 | K503: 90 | L503: 50 | M503: -416.66667 | N503: 108 | O503: 58 | P503: 8 | Q503: -416.66667 | R503: 8 | S503: -6
A504: 3 : 0 0 1 | B504: -416.66667 | C504: 192 | D504: 0 | E504: 108 | F504: 120 | G504: 152 | H504: 16 | I504: 300 | J504: -416.66667 | K504: 9
A505: 10 : 0 0 0 | B505: -416.66667 | C505: 128 | D505: 28 | E505: 0 | F505: 0 | G505: 12 | H505: 48 | I505: 16 | J505: -416.66667 | K505: 40 | L505: 42 | M505: -416.66667 | N505: 96 | O505: 97 | P505: 98 | Q505: -416.66667 | R505: 0 | S505: 126
A506: 10 : 0 0 0 | B506: -416.66667 | C506: 52 | D506: 40 | E506: 0 | F506: 0 | G506: 12 | H506: 32 | I506: 24 | J506: -416.66667 | K506: 36 | L506: 36 | M506: -416.66667 | N506: 92 | O506: 92 | P506: 92 | Q506: -416.66667 | R506: 0 | S506: 126
A507: 10 : 0 0 0 | B507: -416.66667 | C507: 12 | D507: 56 | E507: 0 | F507: 0 | G507: 16 | H507: 20 | I507: 32 | J507: -416.66667 | K507: 32 | L507: 32 | M507: -416.66667 | N507: 86 | O507: 85 | P507: 84 | Q507: -416.66667 | R507: 0 | S507: 126
A508: 10 : 0 0 0 | B508: -416.66667 | C508: 12 | D508: 80 | E508: 0 | F508: 0 | G508: 20 | H508: 16 | I508: 36 | J508: -416.66667 | K508: 10 | L508: 52 | M508: -416.66667 | N508: 80 | O508: 80 | P508: 80 | Q508: -416.66667 | R508: -4 | S508: 126
A509: 10 : 0 0 0 | B509: -416.66667 | C509: 16 | D509: 116 | E509: 0 | F509: 0 | G509: 28 | H509: 16 | I509: 64 | J509: -416.66667 | K509: 0 | L509: 60 | M509: -416.66667 | N509: 72 | O509: 80 | P509: 88 | Q509: -416.66667 | R509: -10 | S509: 128
A510: 10 : 0 0 0 | B510: -416.66667 | C510: 16 | D510: 88 | E510: 4 | F510: 0 | G510: 32 | H510: 16 | I510: 88 | J510: -416.66667 | K510: 10 | L510: 60 | M510: -416.66667 | N510: 70 | O510: 77 | P510: 84 | Q510: -416.66667 | R510: -8 | S510: 130
A511: 10 : 0 0 0 | B511: -416.66667 | C511: 16 | D511: 4 | E511: 4 | F511: 0 | G511: 32 | H511: 20 | I511: 116 | J511: -416.66667 | K511: 27 | L511: 33 | M511: -416.66667 | N511: 60 | O511: 72 | P511: 84 | Q511: -416.66667 | R511: -6 | S511: 132
A512: 3 : 0 0 0 | B512: -416.66667 | C512: 20 | D512: 0 | E512: 4 | F512: 0 | G512: 24 | H512: 28 | I512: 136 | J512: -416.66667 | K512: 52 | L512: 10 | M512: -416.66667 | N512: 48 | O512: 56 | P512: 64 | Q512: -416.66667 | R512: 0 | S512: 134
A513: 3 : 0 0 0 | B513: -416.66667 | C513: 20 | D513: 0 | E513: 8 | F513: 0 | G513: 16 | H513: 32 | I513: 156 | J513: -416.66667 | K513: 0 | L513: 0 | M513: -416.66667 | N513: 62 | O513: 60 | P513: 58 | Q513: -416.66667 | R513: 0 | S513: 134
A514: 3 : 0 0 0 | B514: -416.66667 | C514: 24 | D514: 0 | E514: 8 | F514: 0 | G514: 12 | H514: 40 | I514: 188 | J514: -416.66667 | K514: 25 | L514: 35 | M514: -416.66667 | N514: 56 | O514: 58 | P514: 60 | Q514: -416.66667 | R514: 0 | S514: 134
A515: 3 : 0 0 0 | B515: -416.66667 | C515: 28 | D515: 0 | E515: 8 | F515: 0 | G515: 4 | H515: 52 | I515: 216 | J515: -416.66667 | K515: 33 | L515: 27 | M515: -416.66667 | N515: 58 | O515: 58 | P515: 58 | Q515: -416.66667 | R515: 0 | S515: 134
A516: 3 : 0 0 0 | B516: -416.66667 | C516: 24 | D516: 0 | E516: 8 | F516: 0 | G516: 0 | H516: 68 | I516: 240 | J516: -416.66667 | K516: 27 | L516: 33 | M516: -416.66667 | N516: 58 | O516: 58 | P516: 58 | Q516: -416.66667 | R516: 0 | S516: 134
... A744: 0 : 0 0 4 | B744: -416.66667 | C744: 0 | D744: 4 | E744: 264 | F744: 0 | G744: 0 | H744: 4 | I744: 256 | J744: -416.66667 | K744: 0 | L744: 0 | M744: -416.66667 | N744: 8 | O744: -116 | P744: -240 | Q744: -416.66667 | R744: 0 | S744: 66
A745: -128 : 0 0 0 | B745: -416.66667 | C745: 8 | D745: 0 | E745: 272
A746: 0 : 0 2 16 | B746: -416.66667 | C746: 544 | D746: 272 | E746: 68 | F746: 192 | G746: 128 | H746: 0 | I746: 0 | J746: -416.66667 | K746: 8 | L746: -32 | M746: -416.66667 | N746: 112 | O746: 88 | P746: 64 : | Q746: 72 | R746: 116
A747: 20 : 5 0 0 | B747: -416.66667 | C747: 32 | D747: 132 | E747: 0 | F747: 0 | G747: 528 | H747: 512 | I747: 384 | J747: -416.66667 | K747: 2 | L747: 5 | M747: -416.66667 | N747: 0 | O747: 0 | P747: 0 : | Q747: 0 | R747: 132
A748: -118 : 2 2 16 | B748: -416.66667 | C748: 0 | D748: 164 | E748: 0 | F748: 4 | G748: 640 | H748: 196 | I748: 128 | J748: -416.66667 | K748: 34 | L748: 32 | M748: -416.66667 | N748: 6 | O748: 11 | P748: 16 : | Q748: -256 | R748: 32
A749: 32 : 1 2 0 | B749: -416.66667 | C749: 672 | D749: 288 | E749: 44 | F749: 128 | G749: 128 | H749: 36 | I749: 264 | J749: -416.66667 | K749: 0 | L749: 3 | M749: -416.66667 | N749: 0 | O749: 0 | P749: 0 : | Q749: 0 | R749: 128
A750: -124 : 2 2 25 | B750: -416.66667 | C750: 32 | D750: 0 | E750: 664 | F750: 264 | G750: 24 | H750: 80 | I750: 32 | J750: -416.66667 | K750: 0 | L750: 24 | M750: -416.66667 | N750: 132 | O750: 84 | P750: 36 : | Q750: -192 | R750: 50
A751: -111 : 6 6 32 | B751: -416.66667 | C751: 32 | D751: 0 | E751: 256 | F751: 192 | G751: 4 | H751: 288 | I751: 8 | J751: -416.66667 | K751: -128 | L751: 6 | M751: -416.66667 | N751: -186 | O751: -87 | P751: 12 : | Q751: 128 | R751: 132
A752: 9 : 2 2 68 | B752: -416.66667 | C752: 16 | D752: 16 | E752: 16 | F752: 20 | G752: 168 | H752: 64 | I752: 672 | J752: -416.66667 | K752: 34 | L752: 16 | M752: -416.66667 | N752: 26 | O752: -114 | P752: -254 : | Q752: 136 | R752: 0
A753: 4 : 0 2 1 | B753: -416.66667 | C753: 128 | D753: 12 | E753: 0 | F753: 40 | G753: 8 | H753: 0 | I753: 520 | J753: -416.66667 | K753: 80 | L753: 56 | M753: -416.66667 | N753: 0 | O753: 4 | P753: 8 : | Q753: 8 | R753: 4
A754: 64 : 8 0 128 | B754: -416.66667 | C754: 8 | D754: 8 | E754: 384 | F754: 128 | G754: 672 | H754: 128 | I754: 224 | J754: -416.66667 | K754: 32 | L754: 16 | M754: -416.66667 | N754: 192 | O754: 99 | P754: 6 : | Q754: -128 | R754: 84
A755: 33 : 2 4 129 | B755: -416.66667 | C755: 8 | D755: 352 | E755: 0 | F755: 16 | G755: 48 | H755: 36 | I755: 256 | J755: -416.66667 | K755: 66 | L755: 8 | M755: -416.66667 | N755: 0 | O755: 80 | P755: 6.6666667 | Q755: 0 | R755: 212
A756: -95 : 3 2 0 | B756: -416.66667 | C756: 512 | D756: 160 | E756: 12 | F756: 68 | G756: 128 | H756: 204 | I756: 492 | J756: -416.66667 | K756: 8 | L756: 0 | M756: -416.66667 | N756: 80 | O756: -24 | P756: -128 : | Q756: 0 | R756: 64
A757: -96 : 8 0 32 | B757: -416.66667 | C757: 128 | D757: 16 | E757: 64 | F757: 128 | G757: 0 | H757: 36 | I757: 8 | J757: -416.66667 | K757: 34 | L757: 72 | M757: -416.66667 | N757: 32 | O757: 19 | P757: 6 : | Q757: -158 | R757: 132
A758: 17 : 0 10 130 | B758: -416.66667 | C758: 204 | D758: 160 | E758: 68 | F758: 260 | G758: 552 | H758: 4 | I758: 0 | J758: -416.66667 | K758: 2 | L758: 80 | M758: -416.66667 | N758: 168 | O758: 118 | P758: 68 : | Q758: 128 | R758: -256
A759: 36 : 2 2 0 | B759: -416.66667 | C759: 164 | D759: 260 | E759: 904 | F759: 132 | G759: 208 | H759: 528 | I759: 168 | J759: -416.66667 | K759: 2 | L759: 8 | M759: -416.66667 | N759: 42 | O759: 53 | P759: 64 : | Q759: 2 | R759: 196
A760: 1 : 2 10 64 | B760: -416.66667 | C760: 4 | D760: 256 | E760: 64 | F760: 948 | G760: 788 | H760: 4 | I760: 140 | J760: -416.66667 | K760: 18 | L760: 26 | M760: -416.66667 | N760: 128 | O760: 83 | P760: 38 : | Q760: 18 | R760: 32
A761: -128 : 0 3 32 | B761: -416.66667 | C761: 512 | D761: 0 | E761: 296 | F761: 544 | G761: 24 | H761: 132 | I761: 592 | J761: -416.66667 | K761: 34 | L761: 9 | M761: -416.66667 | N761: -256 | O761: -128 | P761: 0 : | Q761: 0 | R761: 64
A762: 48 : 2 3 128 | B762: -416.66667 | C762: 32 | D762: 0 | E762: 772 | F762: 304 | G762: 168 | H762: 0 | I762: 44 | J762: -416.66667 | K762: 16 | L762: 16 | M762: -416.66667 | N762: 16 | O762: 72 | P762: 5.3333333 | Q762: 2 | R762: 24
A763: 0 : 12 0 0 | B763: -416.66667 | C763: 128 | D763: 512 | E763: 108 | F763: 656 | G763: 384 | H763: 768 | I763: 520 | J763: -416.66667 | K763: 98 | L763: 67 | M763: -416.66667 | N763: -236 | O763: -102 | P763: 32 : | Q763: 32 | R763: 4
A764: 2 : 0 2 9 | B764: -416.66667 | C764: 72 | D764: 256 | E764: 132 | F764: 192 | G764: 144 | H764: 148 | I764: 64 | J764: -416.66667 | K764: 0 | L764: 0 | M764: -416.66667 | N764: 2 | O764: 33 | P764: 64 : | Q764: 16 | R764: 4
A765: 34 : 0 2 0 | B765: -416.66667 | C765: 0 | D765: 16 | E765: 72 | F765: 20 | G765: 160 | H765: 0 | I765: 72 | J765: -416.66667 | K765: -46 | L765: -127 | M765: -416.66667 | N765: 34 | O765: 81 | P765: 5.3333333 | Q765: -190 | R765: 4
A766: 0 : 2 0 2 | B766: -416.66667 | C766: 548 | D766: 292 | E766: 48 | F766: 136 | G766: 424 | H766: 4 | I766: 296 | J766: -416.66667 | K766: 2 | L766: 0 | M766: -416.66667 | N766: 0 | O766: 13 | P766: 26 : | Q766: 128 | R766: 68
A767: 42 : 2 0 16 | B767: -416.66667 | C767: 32 | D767: 256 | E767: 0 | F767: 516 | G767: 128 | H767: 256 | I767: 168 | J767: -416.66667 | K767: -128 | L767: 0 | M767: -416.66667 | N767: 136 | O767: 85 | P767: 34 : | Q767: 8 | R767: -108
A768: 42 : 2 8 64 | B768: -416.66667 | C768: 588 | D768: 256 | E768: 512 | F768: 48 | G768: 676 | H768: 272 | I768: 944 | J768: -416.66667 | K768: 2 | L768: 16 | M768: -416.66667 | N768: 128 | O768: -43 | P768: -214 : | Q768: 6 | R768: 96
A769: 1 : 0 2 0 | B769: -416.66667 | C769: 64 | D769: 52 | E769: 64 | F769: 128 | G769: 0 | H769: 4 | I769: 136 | J769: -416.66667 | K769: 98 | L769: 32 | M769: -416.66667 | N769: 0 | O769: 2 | P769: 4 : | Q769: 2 | R769: 160
A770: 4 : 8 2 0 | B770: -416.66667 | C770: 32 | D770: 4 | E770: 8 | F770: 80 | G770: 0 | H770: 16 | I770: 72 | J770: -416.66667 | K770: -118 | L770: -123 | M770: -416.66667 | N770: 0 | O770: 0 | P770: 0 : | Q770: 0 | R770: 0
A771: 0 : 3 2 10 | B771: -416.66667 | C771: 8 | D771: 512 | E771: 8 | F771: 32 | G771: 536 | H771: 164 | I771: 272 | J771: -416.66667 | K771: 2 | L771: 0 | M771: -416.66667 | N771: 36 | O771: 52 | P771: 68 : | Q771: 2 | R771: 132
A772: 16 : 0 10 0 | B772: -416.66667 | C772: 12 | D772: 512 | E772: 808 | F772: 132 | G772: 320 | H772: 128 | I772: 0 | J772: -416.66667 | K772: 10 | L772: 8 | M772: -416.66667 | N772: 208 | O772: 188 | P772: 7 | Q772: 2 | R772: 128
A773: 0 : 0 2 24 | B773: -416.66667 | C773: 0 | D773: 528 | E773: 360 | F773: 8 | G773: 32 | H773: 516 | I773: 264 | J773: -416.66667 | K773: 2 | L773: -77 | M773: -416.66667 | N773: 8 | O773: 30 | P773: 52 : | Q773: 56 | R773: 4
A774: -128 : 8 2 0 | B774: -416.66667 | C774: 836 | D774: 32 | E774: 144 | F774: 128 | G774: 8 | H774: 192 | I774: 232 | J774: -416.66667 | K774: 0 | L774: 64 | M774: -416.66667 | N774: 64 | O774: 68 | P774: 72 : | Q774: 16 | R774: 168
A775: 0 : 11 2 0 | B775: -416.66667 | C775: 132 | D775: 48 | E775: 264 | F775: 36 | G775: 68 | H775: 768 | I775: 264 | J775: -416.66667 | K775: 2 | L775: 7 | M775: -416.66667 | N775: 0 | O775: -64 | P775: -128 : | Q775: 96 | R775: 128
A776: 96 : 1 0 128 | B776: -416.66667 | C776: 8 | D776: 232 | E776: 92 | F776: 592 | G776: 208 | H776: 320 | I776: 672 | J776: -416.66667 | K776: 34 | L776: 9 | M776: -416.66667 | N776: 16 | O776: 72 | P776: 5.3333333 | Q776: 0 | R776: 160
A777: 9 : 8 0 0 | B777: -416.66667 | C777: 0 | D777: 32 | E777: 72 | F777: 0 | G777: 128 | H777: 0 | I777: 56 | J777: -416.66667 | K777: 2 | L777: 32 | M777: -416.66667 | N777: 0 | O777: 0 | P777: 0 : | Q777: 192 | R777: -256
A778: 98 : 2 0 8 | B778: -416.66667 | C778: 160 | D778: 96 | E778: 288 | F778: 32 | G778: 128 | H778: 128 | I778: 0 | J778: -416.66667 | K778: 16 | L778: 8 | M778: -416.66667 | N778: -122 | O778: -153 | P778: -184 : | Q778: 0 | R778: 18
A779: -80 : 0 0 129 | B779: -416.66667 | C779: 4 | D779: 44 | E779: 32 | F779: 32 | G779: 64 | H779: 164 | I779: 768 | J779: -416.66667 | K779: -90 | L779: 0 | M779: -416.66667 | N779: 192 | O779: 121 | P779: 50 : | Q779: 18 | R779: 0
A780: 42 : 2 0 170 | B780: -416.66667 | C780: 0 | D780: 520 | E780: 392 | F780: 64 | G780: 64 | H780: 96 | I780: 64 | J780: -416.66667 | K780: 34 | L780: 2 | M780: -416.66667 | N780: 176 | O780: 153 | P780: 5.4166667 | Q780: 164 | R780: 0
A781: 0 : 4 0 1 | B781: -416.66667 | C781: 0 | D781: 520 | E781: 640 | F781: 160 | G781: 156 | H781: 512 | I781: 8 | J781: -416.66667 | K781: 18 | L781: 8 | M781: -416.66667 | N781: 0 | O781: 19 | P781: 38 : | Q781: 128 | R781: -248
A782: -64 : 0 8 4 | B782: -416.66667 | C782: 256 | D782: 12 | E782: 72 | F782: 64 | G782: 32 | H782: 384 | I782: 0 | J782: -416.66667 | K782: 32 | L782: 0 | M782: -416.66667 | N782: 2 | O782: 4 | P782: 6 : | Q782: 98 | R782: 34
A783: 10 : 5 0 166 | B783: -416.66667 | C783: 36 | D783: 548 | E783: 864 | F783: 176 | G783: 16 | H783: 0 | I783: 384 | J783: -416.66667 | K783: 64 | L783: 0 | M783: -416.66667 | N783: 8 | O783: 24 | P783: 40 : | Q783: 0 | R783: 66
A784: 41 : 2 9 200 | B784: -416.66667 | C784: 44 | D784: 516 | E784: 516 | F784: 4 | G784: 540 | H784: 324 | I784: 128 | J784: -416.66667 | K784: 2 | L784: 82 | M784: -416.66667 | N784: 64 | O784: 48 | P784: 32 : | Q784: 26 | R784: 144
A785: 48 : 8 0 0 | B785: -416.66667 | C785: 20 | D785: 240 | E785: 12 | F785: 8 | G785: 0 | H785: 336 | I785: 712 | J785: -416.66667 | K785: -96 | L785: 1 | M785: -416.66667 | N785: 0 | O785: -120 | P785: -240 : | Q785: 66 | R785: 132
A786: 0 : 2 0 65 | B786: -416.66667 | C786: 256 | D786: 32 | E786: 520 | F786: 260 | G786: 772 | H786: 132 | I786: 128 | J786: -416.66667 | K786: 34 | L786: 0 | M786: -416.66667 | N786: 16 | O786: 42 | P786: 68 : | Q786: 34
A787: 4 : 0 0 1 | B787: -416.66667 | C787: 4 | D787: 32 | E787: 0 | F787: 8 | G787: 80 | H787: 24 | I787: 416 | J787: -416.66667 | K787: 13 | L787: 53 | M787: -416.66667 | N787: 0 | O787: 60 : | P787: -14 | Q787: 10
A788: 4 : 0 0 1 | B788: -416.66667 | C788: 0 | D788: 32 | E788: 0 | F788: 8 | G788: 80 | H788: 24 | I788: 412 | J788: -416.66667 | K788: 13 | L788: 53 | M788: -416.66667 | N788: 0 | O788: 56 : | P788: -14 | Q788: 10
A789: 4 : 0 0 1 | B789: -416.66667 | C789: 0 | D789: 32 | E789: 0 | F789: 8 | G789: 80 | H789: 24 | I789: 416 | J789: -416.66667 | K789: 13 | L789: 53 | M789: -416.66667 | N789: 0 | O789: 40 : | P789: -14 | Q789: 10
...

Sheet 経路
B1: L_ENC | D1: R_ENC | G1: ENCパルス数 | H1: x | I1: y | J1: angle
A2: =INDEX(ログ!A:A,$F$11+ROW(A1)-1) -> 0 : 0 0 1 | B2: =INDEX(ログ!N:N,$F$11+ROW(A1)-1)*$G$5 -> 0 | C2: =(B2+D2)/2 -> 0 | D2: =SUBSTITUTE(INDEX(ログ!P:P,$F$11+ROW(A1)-1),":","")*$G$5 -> 0 | G2: 400 | H2: =90+C2*COS(RADIANS(J2)) -> 90 | I2: =-90+C2*SIN(RADIANS(J2)) -> -90 | J2: =ROUNDDOWN(INDEX(ログ!S:S,$F$11+ROW(A1)-1) * $F$8,0) -> 0
A3: =INDEX(ログ!A:A,$F$11+ROW(A2)-1) -> 0 : 0 0 1 | B3: =INDEX(ログ!N:N,$F$11+ROW(A2)-1)*$G$5 -> 0 | C3: =(B3+D3)/2 -> 0 | D3: =SUBSTITUTE(INDEX(ログ!P:P,$F$11+ROW(A2)-1),":","")*$G$5 -> 0 | H3: =H2+(C3*COS(RADIANS(J2))) -> 90 | I3: =I2+(C3*SIN(RADIANS(J2))) -> -90 | J3: =ROUNDDOWN(INDEX(ログ!S:S,$F$11+ROW(A2)-1) * $F$8,0) -> 0
A4: =INDEX(ログ!A:A,$F$11+ROW(A3)-1) -> 0 : 0 0 1 | B4: =INDEX(ログ!N:N,$F$11+ROW(A3)-1)*$G$5 -> 0.69115038 | C4: =(B4+D4)/2 -> 0.69115038 | D4: =SUBSTITUTE(INDEX(ログ!P:P,$F$11+ROW(A3)-1),":","")*$G$5 -> 0.69115038 | F4: タイヤ直径 | G4: 1パルスあたり | H4: =H3+(C4*COS(RADIANS(J3))) -> 90.69115 | I4: =I3+(C4*SIN(RADIANS(J3))) -> -90 | J4: =ROUNDDOWN(INDEX(ログ!S:S,$F$11+ROW(A3)-1) * $F$8,0) -> 0
A5: =INDEX(ログ!A:A,$F$11+ROW(A4)-1) -> 0 : 0 0 1 | B5: =INDEX(ログ!N:N,$F$11+ROW(A4)-1)*$G$5 -> 1.0367256 | C5: =(B5+D5)/2 -> 1.0367256 | D5: =SUBSTITUTE(INDEX(ログ!P:P,$F$11+ROW(A4)-1),":","")*$G$5 -> 1.0367256 | F5: 22 | G5: =F5*PI()/G2 -> 0.1727876 | H5: =H4+(C5*COS(RADIANS(J4))) -> 91.727876 | I5: =I4+(C5*SIN(RADIANS(J4))) -> -90 | J5: =ROUNDDOWN(INDEX(ログ!S:S,$F$11+ROW(A4)-1) * $F$8,0) -> 0
A6: =INDEX(ログ!A:A,$F$11+ROW(A5)-1) -> 0 : 0 0 1 | B6: =INDEX(ログ!N:N,$F$11+ROW(A5)-1)*$G$5 -> 1.3823008 | C6: =(B6+D6)/2 -> 1.2095132 | D6: =SUBSTITUTE(INDEX(ログ!P:P,$F$11+ROW(A5)-1),":","")*$G$5 -> 1.0367256 | H6: =H5+(C6*COS(RADIANS(J5))) -> 92.937389 | I6: =I5+(C6*SIN(RADIANS(J5))) -> -90 | J6: =ROUNDDOWN(INDEX(ログ!S:S,$F$11+ROW(A5)-1) * $F$8,0) -> 0
A7: =INDEX(ログ!A:A,$F$11+ROW(A6)-1) -> 0 : 0 0 1 | B7: =INDEX(ログ!N:N,$F$11+ROW(A6)-1)*$G$5 -> 1.3823008 | C7: =(B7+D7)/2 -> 1.3823008 | D7: =SUBSTITUTE(INDEX(ログ!P:P,$F$11+ROW(A6)-1),":","")*$G$5 -> 1.3823008 | F7: ジャイロの微調整 | H7: =H6+(C7*COS(RADIANS(J6))) -> 94.31969 | I7: =I6+(C7*SIN(RADIANS(J6))) -> -90 | J7: =ROUNDDOWN(INDEX(ログ!S:S,$F$11+ROW(A6)-1) * $F$8,0) -> 0
A8: =INDEX(ログ!A:A,$F$11+ROW(A7)-1) -> 0 : 0 0 1 | B8: =INDEX(ログ!N:N,$F$11+ROW(A7)-1)*$G$5 -> 1.3823008 | C8: =(B8+D8)/2 -> 1.3823008 | D8: =SUBSTITUTE(INDEX(ログ!P:P,$F$11+ROW(A7)-1),":","")*$G$5 -> 1.3823008 | F8: 1 | H8: =H7+(C8*COS(RADIANS(J7))) -> 95.701991 | I8: =I7+(C8*SIN(RADIANS(J7))) -> -90 | J8: =ROUNDDOWN(INDEX(ログ!S:S,$F$11+ROW(A7)-1) * $F$8,0) -> 0
A9: =INDEX(ログ!A:A,$F$11+ROW(A8)-1) -> 0 : 0 0 1 | B9: =INDEX(ログ!N:N,$F$11+ROW(A8)-1)*$G$5 -> 1.727876 | C9: =(B9+D9)/2 -> 1.9006636 | D9: =SUBSTITUTE(INDEX(ログ!P:P,$F$11+ROW(A8)-1),":","")*$G$5 -> 2.0734512 | H9: =H8+(C9*COS(RADIANS(J8))) -> 97.602654 | I9: =I8+(C9*SIN(RADIANS(J8))) -> -90 | J9: =ROUNDDOWN(INDEX(ログ!S:S,$F$11+ROW(A8)-1) * $F$8,0) -> 0
A10: =INDEX(ログ!A:A,$F$11+ROW(A9)-1) -> 0 : 0 0 1 | B10: =INDEX(ログ!N:N,$F$11+ROW(A9)-1)*$G$5 -> 1.727876 | C10: =(B10+D10)/2 -> 1.9006636 | D10: =SUBSTITUTE(INDEX(ログ!P:P,$F$11+ROW(A9)-1),":","")*$G$5 -> 2.0734512 | F10: ログの開始位置 | G10: 終了位置 | H10: =H9+(C10*COS(RADIANS(J9))) -> 99.503318 | I10: =I9+(C10*SIN(RADIANS(J9))) -> -90 | J10: =ROUNDDOWN(INDEX(ログ!S:S,$F$11+ROW(A9)-1) * $F$8,0) -> 0
A11: =INDEX(ログ!A:A,$F$11+ROW(A10)-1) -> 0 : 0 0 1 | B11: =INDEX(ログ!N:N,$F$11+ROW(A10)-1)*$G$5 -> 2.0734512 | C11: =(B11+D11)/2 -> 2.0734512 | D11: =SUBSTITUTE(INDEX(ログ!P:P,$F$11+ROW(A10)-1),":","")*$G$5 -> 2.0734512 | F11: 237 | G11: 400 | H11: =H10+(C11*COS(RADIANS(J10))) -> 101.57677 | I11: =I10+(C11*SIN(RADIANS(J10))) -> -90 | J11: =ROUNDDOWN(INDEX(ログ!S:S,$F$11+ROW(A10)-1) * $F$8,0) -> 0
A12: =INDEX(ログ!A:A,$F$11+ROW(A11)-1) -> 0 : 0 0 1 | B12: =INDEX(ログ!N:N,$F$11+ROW(A11)-1)*$G$5 -> 2.0734512 | C12: =(B12+D12)/2 -> 2.2462387 | D12: =SUBSTITUTE(INDEX(ログ!P:P,$F$11+ROW(A11)-1),":","")*$G$5 -> 2.4190263 | F12: ↑ログシート | G12: ↑経路シート | H12: =H11+(C12*COS(RADIANS(J11))) -> 103.82301 | I12: =I11+(C12*SIN(RADIANS(J11))) -> -90 | J12: =ROUNDDOWN(INDEX(ログ!S:S,$F$11+ROW(A11)-1) * $F$8,0) -> 0
A13: =INDEX(ログ!A:A,$F$11+ROW(A12)-1) -> 0 : 0 0 1 | B13: =INDEX(ログ!N:N,$F$11+ROW(A12)-1)*$G$5 -> 2.4190263 | C13: =(B13+D13)/2 -> 2.4190263 | D13: =SUBSTITUTE(INDEX(ログ!P:P,$F$11+ROW(A12)-1),":","")*$G$5 -> 2.4190263 | H13: =H12+(C13*COS(RADIANS(J12))) -> 106.24203 | I13: =I12+(C13*SIN(RADIANS(J12))) -> -90 | J13: =ROUNDDOWN(INDEX(ログ!S:S,$F$11+ROW(A12)-1) * $F$8,0) -> 0
A14: =INDEX(ログ!A:A,$F$11+ROW(A13)-1) -> 0 : 0 0 1 | B14: =INDEX(ログ!N:N,$F$11+ROW(A13)-1)*$G$5 -> 2.4190263 | C14: =(B14+D14)/2 -> 2.4190263 | D14: =SUBSTITUTE(INDEX(ログ!P:P,$F$11+ROW(A13)-1),":","")*$G$5 -> 2.4190263 | H14: =H13+(C14*COS(RADIANS(J13))) -> 108.66106 | I14: =I13+(C14*SIN(RADIANS(J13))) -> -90 | J14: =ROUNDDOWN(INDEX(ログ!S:S,$F$11+ROW(A13)-1) * $F$8,0) -> 0
A15: =INDEX(ログ!A:A,$F$11+ROW(A14)-1) -> 0 : 0 0 1 | B15: =INDEX(ログ!N:N,$F$11+ROW(A14)-1)*$G$5 -> 2.4190263 | C15: =(B15+D15)/2 -> 2.5918139 | D15: =SUBSTITUTE(INDEX(ログ!P:P,$F$11+ROW(A14)-1),":","")*$G$5 -> 2.7646015 | H15: =H14+(C15*COS(RADIANS(J14))) -> 111.25287 | I15: =I14+(C15*SIN(RADIANS(J14))) -> -90 | J15: =ROUNDDOWN(INDEX(ログ!S:S,$F$11+ROW(A14)-1) * $F$8,0) -> 0
A16: =INDEX(ログ!A:A,$F$11+ROW(A15)-1) -> 0 : 0 0 1 | B16: =INDEX(ログ!N:N,$F$11+ROW(A15)-1)*$G$5 -> 2.7646015 | C16: =(B16+D16)/2 -> 2.9373891 | D16: =SUBSTITUTE(INDEX(ログ!P:P,$F$11+ROW(A15)-1),":","")*$G$5 -> 3.1101767 | H16: =H15+(C16*COS(RADIANS(J15))) -> 114.19026 | I16: =I15+(C16*SIN(RADIANS(J15))) -> -90 | J16: =ROUNDDOWN(INDEX(ログ!S:S,$F$11+ROW(A15)-1) * $F$8,0) -> 0
A17: =INDEX(ログ!A:A,$F$11+ROW(A16)-1) -> 0 : 0 0 1 | B17: =INDEX(ログ!N:N,$F$11+ROW(A16)-1)*$G$5 -> 3.1101767 | C17: =(B17+D17)/2 -> 2.9373891 | D17: =SUBSTITUTE(INDEX(ログ!P:P,$F$11+ROW(A16)-1),":","")*$G$5 -> 2.7646015 | H17: =H16+(C17*COS(RADIANS(J16))) -> 117.12765 | I17: =I16+(C17*SIN(RADIANS(J16))) -> -90 | J17: =ROUNDDOWN(INDEX(ログ!S:S,$F$11+ROW(A16)-1) * $F$8,0) -> 0
A18: =INDEX(ログ!A:A,$F$11+ROW(A17)-1) -> 0 : 0 0 1 | B18: =INDEX(ログ!N:N,$F$11+ROW(A17)-1)*$G$5 -> 3.4557519 | C18: =(B18+D18)/2 -> 3.4557519 | D18: =SUBSTITUTE(INDEX(ログ!P:P,$F$11+ROW(A17)-1),":","")*$G$5 -> 3.4557519 | H18: =H17+(C18*COS(RADIANS(J17))) -> 120.5834 | I18: =I17+(C18*SIN(RADIANS(J17))) -> -90 | J18: =ROUNDDOWN(INDEX(ログ!S:S,$F$11+ROW(A17)-1) * $F$8,0) -> 0
A19: =INDEX(ログ!A:A,$F$11+ROW(A18)-1) -> 0 : 0 0 1 | B19: =INDEX(ログ!N:N,$F$11+ROW(A18)-1)*$G$5 -> 3.4557519 | C19: =(B19+D19)/2 -> 3.6285395 | D19: =SUBSTITUTE(INDEX(ログ!P:P,$F$11+ROW(A18)-1),":","")*$G$5 -> 3.8013271 | H19: =H18+(C19*COS(RADIANS(J18))) -> 124.21194 | I19: =I18+(C19*SIN(RADIANS(J18))) -> -90 | J19: =ROUNDDOWN(INDEX(ログ!S:S,$F$11+ROW(A18)-1) * $F$8,0) -> 0
A20: =INDEX(ログ!A:A,$F$11+ROW(A19)-1) -> 0 : 0 0 1 | B20: =INDEX(ログ!N:N,$F$11+ROW(A19)-1)*$G$5 -> 4.1469023 | C20: =(B20+D20)/2 -> 4.1469023 | D20: =SUBSTITUTE(INDEX(ログ!P:P,$F$11+ROW(A19)-1),":","")*$G$5 -> 4.1469023 | H20: =H19+(C20*COS(RADIANS(J19))) -> 128.35885 | I20: =I19+(C20*SIN(RADIANS(J19))) -> -90 | J20: =ROUNDDOWN(INDEX(ログ!S:S,$F$11+ROW(A19)-1) * $F$8,0) -> 0
A21: =INDEX(ログ!A:A,$F$11+ROW(A20)-1) -> 0 : 0 0 1 | B21: =INDEX(ログ!N:N,$F$11+ROW(A20)-1)*$G$5 -> 4.4924775 | C21: =(B21+D21)/2 -> 4.6652651 | D21: =SUBSTITUTE(INDEX(ログ!P:P,$F$11+ROW(A20)-1),":","")*$G$5 -> 4.8380527 | H21: =H20+(C21*COS(RADIANS(J20))) -> 133.02411 | I21: =I20+(C21*SIN(RADIANS(J20))) -> -90 | J21: =ROUNDDOWN(INDEX(ログ!S:S,$F$11+ROW(A20)-1) * $F$8,0) -> 0
A22: =INDEX(ログ!A:A,$F$11+ROW(A21)-1) -> 0 : 0 0 1 | B22: =INDEX(ログ!N:N,$F$11+ROW(A21)-1)*$G$5 -> 4.8380527 | C22: =(B22+D22)/2 -> 5.0108403 | D22: =SUBSTITUTE(INDEX(ログ!P:P,$F$11+ROW(A21)-1),":","")*$G$5 -> 5.1836279 | H22: =H21+(C22*COS(RADIANS(J21))) -> 138.03495 | I22: =I21+(C22*SIN(RADIANS(J21))) -> -90 | J22: =ROUNDDOWN(INDEX(ログ!S:S,$F$11+ROW(A21)-1) * $F$8,0) -> 0
A23: =INDEX(ログ!A:A,$F$11+ROW(A22)-1) -> 0 : 0 0 1 | B23: =INDEX(ログ!N:N,$F$11+ROW(A22)-1)*$G$5 -> 5.8747783 | C23: =(B23+D23)/2 -> 6.0475659 | D23: =SUBSTITUTE(INDEX(ログ!P:P,$F$11+ROW(A22)-1),":","")*$G$5 -> 6.2203535 | H23: =H22+(C23*COS(RADIANS(J22))) -> 144.08252 | I23: =I22+(C23*SIN(RADIANS(J22))) -> -90 | J23: =ROUNDDOWN(INDEX(ログ!S:S,$F$11+ROW(A22)-1) * $F$8,0) -> 0
A24: =INDEX(ログ!A:A,$F$11+ROW(A23)-1) -> 0 : 0 0 1 | B24: =INDEX(ログ!N:N,$F$11+ROW(A23)-1)*$G$5 -> 6.9115038 | C24: =(B24+D24)/2 -> 6.7387162 | D24: =SUBSTITUTE(INDEX(ログ!P:P,$F$11+ROW(A23)-1),":","")*$G$5 -> 6.5659286 | H24: =H23+(C24*COS(RADIANS(J23))) -> 150.82123 | I24: =I23+(C24*SIN(RADIANS(J23))) -> -90 | J24: =ROUNDDOWN(INDEX(ログ!S:S,$F$11+ROW(A23)-1) * $F$8,0) -> 0
... A669: =INDEX(ログ!A:A,$F$11+ROW(A668)-1) -> 0 | B669: =INDEX(ログ!N:N,$F$11+ROW(A668)-1)*$G$5 -> 0 | C669: =(B669+D669)/2 -> #VALUE! | D669: =SUBSTITUTE(INDEX(ログ!P:P,$F$11+ROW(A668)-1),":","")*$G$5 -> #VALUE! | H669: =H668+(C669*COS(RADIANS(J668))) -> #VALUE! | I669: =I668+(C669*SIN(RADIANS(J668))) -> #VALUE! | J669: =ROUNDDOWN(INDEX(ログ!S:S,$F$11+ROW(A668)-1) * $F$8,0) -> 0
